meeting_date,hawkishness_im,uncertainty_im,dissent_detected,fg_type,fg_direction,inflation_outlook,growth_prospects,labor_market,speech_hawkishness,agg_econ_index,expected_change_bp,entropy,modal_outcome,hawkishness_index_ii,policy_uncertainty,p_hold,dfr_actual_bp,dfr_surprise_mech,dfr_surprise_sal,dfr_surprise_norm,dfr_direction,mro_surprise_mech
1999-03-04,-0.1,0.6,False,Delphic,hold,-0.40454545454545454,-0.036363636363636355,0.01363636363636364,0.3775,-0.2105,-0.1575,0.3946,hold,-0.0032,0.2452,0.8998,0.0,0.1575,0.1056,,no_surprise,0.1575
1999-03-18,0.15,0.55,False,Delphic,ambiguous,-0.26428571428571435,-0.1142857142857143,0.01428571428571429,0.5367,-0.1636,0.265,0.6392,hold,0.0053,0.3972,0.7998,0.0,-0.265,0.2234,,no_surprise,-0.265
1999-04-08,-0.05,0.4,False,Delphic,hold,-0.375,-0.20833333333333331,-0.027777777777777783,0.3371,-0.2556,0.2,0.5942,hold,0.004,0.3692,0.8208,-50.0,-50.2,13.8155,,dovish_surprise,-50.2
1999-04-22,-0.7,0.3,False,Odyssean,hold,-0.35500000000000004,-0.22999999999999998,-0.05500000000000001,0.225,-0.2575,-1.6525,0.2434,hold,-0.0331,0.1512,0.9339,0.0,1.6525,0.0684,,no_surprise,1.6525
1999-05-06,-0.52,0.53,False,Odyssean,hold,-0.3444444444444444,-0.23333333333333334,-0.027777777777777776,0.2617,-0.2478,-6.4675,1.2141,hold,-0.1293,0.7544,0.5783,0.0,6.4675,0.5477,,hawkish_surprise,6.4675
1999-05-20,0.025,0.425,False,Delphic,hold,-0.24761904761904763,-0.2285714285714286,-0.0380952380952381,0.2667,-0.2,-0.775,0.4627,hold,-0.0155,0.2875,0.8738,0.0,0.775,0.1349,,no_surprise,0.775
1999-06-02,-0.1,0.4,False,Delphic,ambiguous,-0.196,-0.2,-0.07600000000000001,0.4367,-0.1732,-1.525,0.5177,hold,-0.0305,0.3217,0.8724,0.0,1.525,0.1365,0.0782,no_surprise,1.525
1999-06-17,0.05,0.575,False,Delphic,ambiguous,-0.23870967741935478,-0.1032258064516129,-0.04516129032258065,0.2612,-0.1594,-1.365,0.6336,hold,-0.0273,0.3937,0.799,0.0,1.365,0.2244,0.0747,no_surprise,1.365
1999-07-01,0.075,0.5,False,Delphic,hold,-0.18906250000000002,-0.109375,-0.009375,0.4888,-0.1292,0.2725,0.954,hold,0.0054,0.5928,0.6999,0.0,-0.2725,0.3568,-0.0158,no_surprise,-0.2725
1999-07-15,-0.05,0.5,False,Delphic,ambiguous,-0.06315789473684211,-0.07894736842105263,-0.1473684210526316,0.3583,-0.0847,-1.955,0.6974,hold,-0.0391,0.4333,0.7993,0.0,1.955,0.224,0.1197,no_surprise,1.955
1999-07-29,0.35,0.4,False,Delphic,hike,-0.05750000000000001,-0.14749999999999996,-0.15,0.5025,-0.103,10.5325,0.8232,hold,0.2107,0.5115,0.6479,0.0,-10.5325,0.434,-0.6746,dovish_surprise,-10.5325
1999-08-26,0.33,0.42,False,Delphic,hike,-0.013043478260869563,0.11521739130434784,0.013043478260869563,0.0,0.0307,5.7625,0.6733,hold,0.1153,0.4183,0.7215,0.0,-5.7625,0.3264,-0.3838,dovish_surprise,-5.7625
1999-09-09,0.32,0.47,False,Delphic,hike,0.02258064516129031,0.0967741935483871,0.003225806451612899,0.35,0.041,7.0425,0.881,hold,0.1409,0.5474,0.6821,0.0,-7.0425,0.3826,-0.4897,dovish_surprise,-7.0425
1999-09-23,0.08,0.45,False,Delphic,ambiguous,0.020689655172413796,0.14482758620689656,-0.020689655172413796,0.3525,0.0497,5.3875,1.2467,hold,0.1077,0.7746,0.5511,0.0,-5.3875,0.5958,-0.376,dovish_surprise,-5.3875
1999-10-07,0.5,0.3,False,Delphic,hike,-0.020000000000000004,0.09333333333333332,0.010000000000000002,0.2978,0.02,11.2625,0.8513,hold,0.2252,0.5289,0.6272,0.0,-11.2625,0.4665,-0.79,dovish_surprise,-11.2625
1999-10-21,0.4,0.25,False,Delphic,hike,0.12,0.26499999999999996,0.025,0.1944,0.1445,4.725,0.5585,hold,0.0945,0.347,0.789,0.0,-4.725,0.237,-0.8822,no_surprise,-4.725
1999-11-04,0.47,0.4,False,Delphic,hike,0.19047619047619047,0.2857142857142857,-0.06190476190476191,0.3025,0.1686,13.2,0.8474,hold,0.264,0.5265,0.5195,50.0,36.8,3.047,6.9936,hawkish_surprise,36.8
1999-11-18,0.9,0.27,False,Delphic,ambiguous,0.20199999999999999,0.29200000000000004,0.048,0.3043,0.1982,12.2075,1.0041,hold,0.2441,0.6239,0.5626,0.0,-12.2075,0.5752,-1.0154,dovish_surprise,-12.2075
1999-12-02,0.88,0.42,False,Delphic,ambiguous,0.18846153846153849,0.29230769230769227,0.03461538461538461,0.3314,0.1888,18.11,1.0827,hold,0.3622,0.6727,0.4299,0.0,-18.11,0.8442,-1.4534,dovish_surprise,-18.11
1999-12-15,0.38,0.43,False,Delphic,ambiguous,0.22333333333333333,0.26,0.030000000000000002,0.147,0.1957,5.7875,0.6417,hold,0.1157,0.3987,0.7831,0.0,-5.7875,0.2445,-0.4369,dovish_surprise,-5.7875
2000-01-05,0.3,0.4333,False,Delphic,hike,0.18709677419354842,0.27419354838709675,0.0032258064516129097,0.0,0.1765,8.0375,0.8984,hold,0.1608,0.5582,0.6552,0.0,-8.0375,0.4228,-0.6089,dovish_surprise,-8.0375
2000-01-20,0.32,0.45,False,Delphic,ambiguous,0.27413793103448275,0.3568965517241379,0.04482758620689655,0.71,0.2531,7.2,0.8424,hold,0.144,0.5234,0.6783,0.0,-7.2,0.3882,-0.5448,dovish_surprise,-7.2
2000-02-03,0.35,0.4,False,Delphic,hike,0.2696428571428572,0.3732142857142858,0.075,0.475,0.2618,11.6975,1.0745,hold,0.2339,0.6676,0.5268,25.0,13.3025,1.0654,1.0152,hawkish_surprise,13.3025
2000-02-17,0.52,0.5,False,Delphic,hike,0.2818181818181818,0.39696969696969703,0.036363636363636355,0.45,0.2673,12.8775,1.0133,hold,0.2576,0.6296,0.5334,0.0,-12.8775,0.6285,-0.9272,dovish_surprise,-12.8775
2000-03-02,0.5,0.33,False,Delphic,hike,0.33548387096774196,0.48064516129032253,0.04516129032258064,-0.075,0.321,9.205,0.8995,hold,0.1841,0.5589,0.6034,0.0,-9.205,0.5052,-0.6508,dovish_surprise,-9.205
2000-03-16,0.57,0.5,False,Odyssean,hike,0.32575757575757575,0.3181818181818182,0.09545454545454546,0.3,0.2774,17.24,0.9796,hike_standard,0.3448,0.6087,0.4326,25.0,7.76,0.8092,0.5464,hawkish_surprise,7.76
2000-03-30,0.57,0.5,True,Odyssean,hike,0.3397058823529412,0.28823529411764703,0.09411764705882353,0.1525,0.2751,17.91,0.9047,hike_standard,0.3582,0.5621,0.3672,0.0,-17.91,1.0018,-1.2322,dovish_surprise,-17.91
2000-04-13,0.65,0.4,False,Delphic,hike,0.478125,0.5,0.128125,0.326,0.4147,20.5875,1.1071,hike_standard,0.4117,0.6879,0.3309,0.0,-20.5875,1.1059,-1.3749,dovish_surprise,-20.5875
2000-04-27,0.85,0.4,False,Delphic,hike,0.37812500000000004,0.39687500000000003,0.09687500000000002,0.33,0.3275,19.665,0.9053,hike_standard,0.3933,0.5625,0.3128,25.0,5.335,0.5314,0.3391,hawkish_surprise,5.335
2000-05-11,0.78,0.3,False,Delphic,hike,0.39210526315789473,0.2671052631578948,0.07763157894736843,0.06,0.2917,25.6825,0.8961,hike_standard,0.5137,0.5568,0.164,0.0,-25.6825,1.8079,-2.4884,dovish_surprise,-25.6825
2000-05-25,0.85,0.3,False,Delphic,hike,0.33472222222222225,0.30833333333333335,0.061111111111111116,0.1483,0.2721,21.2075,0.829,hike_standard,0.4241,0.5151,0.2416,0.0,-21.2075,1.4205,-1.8473,dovish_surprise,-21.2075
2000-06-08,0.4,0.3,False,Delphic,hike,0.32894736842105265,0.35256410256410253,-0.007894736842105253,0.408,0.2687,16.0,1.0275,hold,0.32,0.6384,0.4567,50.0,34.0,2.1261,2.8983,hawkish_surprise,34.0
2000-06-21,0.9,0.1,False,None,hike,0.3763157894736842,0.3328947368421053,-0.010526315789473694,0.395,0.2859,7.8575,0.7629,hold,0.1572,0.474,0.7689,0.0,-7.8575,0.2628,-0.4725,dovish_surprise,-7.8575
2000-07-06,0.9,0.1,False,Delphic,ambiguous,0.38249999999999995,0.37,-0.015000000000000003,0.205,0.2992,18.0325,1.0478,hike_standard,0.3606,0.651,0.3806,0.0,-18.0325,0.966,-1.0844,dovish_surprise,-18.0325
2000-07-20,0.55,0.3,False,Delphic,hold,0.4351351351351352,0.5081081081081081,0.1540540540540541,0.24,0.4008,8.5525,0.8259,hold,0.1711,0.5132,0.6747,0.0,-8.5525,0.3935,-0.503,dovish_surprise,-8.5525
2000-08-03,0.6,0.2,False,Delphic,hold,0.4957142857142858,0.5028571428571428,0.16,0.0,0.4307,3.4575,0.4019,hold,0.0692,0.2497,0.8617,0.0,-3.4575,0.1488,-0.2165,no_surprise,-3.4575
2000-08-31,0.4,0.3,False,Delphic,hold,0.4352941176470589,0.31470588235294117,0.08823529411764706,0.0,0.3297,5.715,0.6445,hold,0.1143,0.4005,0.735,25.0,19.285,1.3992,1.2101,hawkish_surprise,19.285
2000-09-14,0.6,0.4,False,Delphic,ambiguous,0.4307692307692308,0.3692307692307692,0.10128205128205128,0.0,0.3464,8.9975,0.7373,hold,0.1799,0.4581,0.6077,0.0,-8.9975,0.4981,-0.5143,dovish_surprise,-8.9975
2000-10-05,0.68,0.37,False,Delphic,hike,0.43906249999999997,0.31875,0.065625,0.0792,0.3283,14.385,1.0473,hold,0.2877,0.6507,0.4667,25.0,10.615,0.8848,0.6206,hawkish_surprise,10.615
2000-10-19,0.6,0.43,False,Delphic,ambiguous,0.47027027027027024,0.42567567567567566,0.17567567567567569,0.07,0.398,6.57,0.7642,hold,0.1314,0.4748,0.7258,0.0,-6.57,0.3205,-0.3801,dovish_surprise,-6.57
2000-11-02,0.225,0.45,False,Delphic,ambiguous,0.4447368421052631,0.4052631578947369,0.16710526315789473,0.2233,0.3774,7.525,0.7905,hold,0.1505,0.4912,0.7017,0.0,-7.525,0.3542,-0.4542,dovish_surprise,-7.525
2000-11-16,0.55,0.375,False,Delphic,ambiguous,0.3542857142857143,0.24571428571428575,0.11142857142857143,0.4125,0.2731,11.0875,0.8902,hold,0.2218,0.5531,0.5693,0.0,-11.0875,0.5633,-0.6746,dovish_surprise,-11.0875
2000-11-30,0.75,0.45,False,Delphic,hike,0.2974358974358975,0.20769230769230768,0.06666666666666667,0.2529,0.2244,12.515,1.0417,hike_standard,0.2503,0.6472,0.4423,0.0,-12.515,0.8158,-0.8202,dovish_surprise,-12.515
2000-12-14,0.45,0.45,False,Delphic,hike,0.3948717948717949,0.2538461538461538,0.1512820512820513,0.235,0.3038,12.9275,1.0296,hold,0.2586,0.6397,0.5124,0.0,-12.9275,0.6686,-0.8891,dovish_surprise,-12.9275
2001-01-04,0.28,0.33,False,Delphic,hike,0.3041666666666667,0.21944444444444444,0.1527777777777778,0.27,0.2485,5.22,0.6359,hold,0.1044,0.3951,0.749,0.0,-5.22,0.289,-0.5214,dovish_surprise,-5.22
2001-01-18,0.3,0.43,False,Delphic,hike,0.40263157894736845,0.23552631578947367,0.2026315789473684,0.04,0.3125,8.6725,0.9357,hold,0.1734,0.5814,0.5887,0.0,-8.6725,0.5298,-0.8681,dovish_surprise,-8.6725
2001-02-01,0.65,0.5,False,Delphic,hike,0.3776315789473684,0.23815789473684212,0.21842105263157896,0.29,0.3039,16.2425,1.0331,hike_standard,0.3248,0.6419,0.3936,0.0,-16.2425,0.9324,-1.7433,dovish_surprise,-16.2425
2001-02-15,0.45,0.33,False,Delphic,hold,0.19166666666666665,0.03571428571428571,0.05714285714285715,0.352,0.118,8.1725,0.9765,hold,0.1634,0.6067,0.6092,0.0,-8.1725,0.4956,-0.8326,dovish_surprise,-8.1725
2001-03-01,0.3,0.47,False,Delphic,ambiguous,0.24574468085106388,0.11914893617021276,0.08297872340425531,0.32,0.1752,4.9325,0.8462,hold,0.0987,0.5258,0.706,0.0,-4.9325,0.3481,-0.5018,no_surprise,-4.9325
2001-03-15,0.025,0.3,False,Delphic,hold,0.21428571428571427,0.021428571428571425,0.13095238095238096,0.31,0.1398,1.6225,0.5245,hold,0.0324,0.3259,0.8451,0.0,-1.6225,0.1683,-0.2543,no_surprise,-1.6225
2001-03-29,0.1,0.57,False,Delphic,hold,0.2512820512820513,0.1512820512820513,0.10769230769230767,0.0967,0.1926,0.785,0.397,hold,0.0157,0.2467,0.8974,0.0,-0.785,0.1083,-0.1194,no_surprise,-0.785
2001-04-11,0.07,0.5,False,Delphic,hold,0.17666666666666664,0.12666666666666665,0.13,0.65,0.1523,1.46,0.2225,hold,0.0292,0.1382,0.9416,0.0,-1.46,0.0602,-0.3301,no_surprise,-1.46
2001-04-26,0.25,0.4,False,Delphic,hold,0.21363636363636365,0.24545454545454545,0.1303030303030303,-0.0067,0.2065,6.055,0.7534,hold,0.1211,0.4681,0.6756,0.0,-6.055,0.3922,-1.2682,dovish_surprise,-6.055
2001-05-10,-0.05,0.53,False,Delphic,hold,0.16046511627906976,0.04651162790697674,0.053488372093023255,0.0,0.1049,0.03,0.3342,hold,0.0006,0.2077,0.92,-25.0,-25.03,3.234,-5.2217,dovish_surprise,-25.03
2001-05-23,-0.65,0.6,False,Delphic,hold,0.15124999999999997,-0.01875,0.075,0.37,0.085,-5.915,0.7525,hold,-0.1183,0.4676,0.679,0.0,5.915,0.3871,0.87,hawkish_surprise,5.915
2001-06-07,-0.83,0.47,False,Delphic,hold,0.11219512195121953,-0.010975609756097562,0.041463414634146344,0.1525,0.0611,-3.465,0.528,hold,-0.0693,0.3281,0.8461,0.0,3.465,0.1671,0.4464,no_surprise,3.465
2001-06-21,0.05,0.3,False,Delphic,hold,0.16938775510204082,0.046938775510204075,0.07142857142857142,0.3575,0.1131,-0.8925,0.5137,hold,-0.0178,0.3192,0.8536,0.0,0.8925,0.1583,0.1108,no_surprise,0.8925
2001-07-05,0.07,0.37,False,Delphic,hold,0.09680851063829787,0.06595744680851064,0.0553191489361702,0.1233,0.0793,2.2575,0.582,hold,0.0451,0.3616,0.8159,0.0,-2.2575,0.2035,-0.2733,no_surprise,-2.2575
2001-07-19,-0.1,0.4,False,Delphic,hold,0.21785714285714286,-0.17976190476190473,0.058333333333333334,0.29,0.0667,0.04,0.3944,hold,0.0008,0.2451,0.9,0.0,-0.04,0.1054,-0.0049,no_surprise,-0.04
2001-08-02,0.27,0.4,False,Delphic,hold,0.22916666666666666,-0.14444444444444443,0.06388888888888888,0.385,0.084,-1.305,0.5683,hold,-0.0261,0.3531,0.8289,0.0,1.305,0.1877,0.1735,no_surprise,1.305
2001-08-30,-0.15,0.5,False,Delphic,hold,0.21875,-0.19249999999999998,0.03,0.0,0.0576,2.3325,0.6104,hold,0.0466,0.3793,0.8027,-25.0,-27.3325,2.9565,-3.6595,dovish_surprise,-27.3325
2001-09-13,-0.6,0.55,False,Delphic,ambiguous,0.06875,-0.21458333333333335,-0.020833333333333332,0.035,-0.0342,-8.41,0.9271,hold,-0.1682,0.576,0.6586,0.0,8.41,0.4176,0.8286,hawkish_surprise,8.41
2001-09-17,-0.5,0.6,True,Delphic,ambiguous,0.11428571428571428,-0.13673469387755102,0.004081632653061228,0.0317,0.0169,-3.0675,0.5102,hold,-0.0613,0.317,0.8353,-50.0,-46.9325,13.8155,-4.3695,dovish_surprise,-46.9325
2001-09-27,-0.6,0.475,False,Delphic,ambiguous,0.08775510204081632,-0.15714285714285714,-0.026530612244897955,0.1137,-0.0086,-10.645,0.9262,hold,-0.2129,0.5755,0.6038,0.0,10.645,0.5045,0.6646,hawkish_surprise,10.645
2001-10-11,-0.7,0.6,False,Delphic,ambiguous,0.06309523809523811,-0.375,-0.045238095238095244,0.018,-0.09,-11.5475,1.0242,hold,-0.2309,0.6364,0.5405,0.0,11.5475,0.6153,0.6904,hawkish_surprise,11.5475
2001-10-25,0.3,0.85,False,Delphic,hold,0.0090909090909091,-0.36818181818181817,-0.04772727272727272,0.225,-0.1155,-5.725,0.5806,hold,-0.1145,0.3607,0.8147,0.0,5.725,0.2049,0.3281,hawkish_surprise,5.725
2001-11-08,0.45,0.825,False,Delphic,ambiguous,-0.013043478260869563,-0.2434782608695652,0.008695652173913044,0.095,-0.0778,-2.6575,0.5212,hold,-0.0532,0.3238,0.8365,-50.0,-47.3425,13.8155,-2.8609,dovish_surprise,-47.3425
2001-12-06,-0.575,0.7,False,Delphic,hold,-0.05918367346938774,-0.2724489795918367,0.004081632653061219,0.0388,-0.1105,-8.855,0.7548,hold,-0.1771,0.469,0.7201,0.0,8.855,0.3284,0.4337,hawkish_surprise,8.855
2002-01-03,-0.2,0.65,False,Delphic,hold,-0.09895833333333333,-0.25937499999999997,-0.052083333333333336,0.06,-0.1377,-1.795,0.388,hold,-0.0359,0.2411,0.893,0.0,1.795,0.1132,0.0867,no_surprise,1.795
2002-02-07,0.1,0.57,False,Delphic,hold,-0.11063829787234043,-0.40957446808510645,-0.12340425531914893,0.0925,-0.2029,-1.3125,0.2862,hold,-0.0262,0.1778,0.9283,0.0,1.3125,0.0744,0.0633,no_surprise,1.3125
2002-03-07,-0.03,0.5,False,Delphic,ambiguous,-0.07857142857142857,-0.2035714285714286,-0.0738095238095238,0.165,-0.1151,-0.03,0.1957,hold,-0.0006,0.1216,0.96,0.0,0.03,0.0408,0.0014,no_surprise,0.03
2002-04-04,0.05,0.57,False,Delphic,hold,0.0010638297872340376,-0.1734042553191489,-0.08191489361702127,0.0643,-0.0679,0.75,0.2955,hold,0.015,0.1836,0.93,0.0,-0.75,0.0726,-0.036,no_surprise,-0.75
2002-05-02,-0.5,0.6,False,Delphic,hold,0.023809523809523808,-0.1952380952380952,-0.054761904761904755,0.17,-0.0576,-1.3625,1.0989,hold,-0.0272,0.6828,0.6498,0.0,1.3625,0.4311,0.0657,no_surprise,1.3625
2002-06-06,0.325,0.8,False,Delphic,hike,0.08478260869565218,-0.0891304347826087,-0.056521739130434775,0.05,0.0043,4.505,0.9424,hold,0.0901,0.5855,0.6824,0.0,-4.505,0.3821,-0.2274,no_surprise,-4.505
2002-07-04,0.525,0.7,False,Delphic,ambiguous,0.0978723404255319,-0.08404255319148937,0.014893617021276595,0.1967,0.0267,11.6075,0.9694,hold,0.2321,0.6023,0.5274,0.0,-11.6075,0.6398,-0.5963,dovish_surprise,-11.6075
2002-08-01,0.15,0.775,False,Delphic,hold,0.17857142857142858,-0.11190476190476188,-0.02619047619047619,-0.03,0.0505,0.0825,0.2334,hold,0.0016,0.145,0.9499,0.0,-0.0825,0.0514,-0.0055,no_surprise,-0.0825
2002-09-12,0.13,0.6,False,Delphic,ambiguous,-0.03666666666666667,-0.23444444444444446,-0.06222222222222222,0.4,-0.1011,3.295,0.7314,hold,0.0659,0.4544,0.7592,0.0,-3.295,0.2755,-0.2259,no_surprise,-3.295
2002-10-10,0.275,0.75,False,Delphic,hike,0.09555555555555557,-0.3433333333333333,-0.042222222222222223,0.055,-0.0637,4.2125,0.4535,hold,0.0843,0.2818,0.8315,0.0,-4.2125,0.1845,-0.3023,no_surprise,-4.2125
2002-11-07,0.27,0.43,False,Delphic,ambiguous,0.09404761904761905,-0.31547619047619047,-0.04285714285714285,-0.06,-0.0562,0.9725,0.5258,hold,0.0195,0.3267,0.8483,0.0,-0.9725,0.1645,-0.0714,no_surprise,-0.9725
2002-12-05,0.25,0.85,True,Delphic,ambiguous,0.045454545454545456,-0.2056818181818182,-0.028409090909090908,0.21,-0.0447,-6.7725,0.826,hold,-0.1354,0.5132,0.6163,-50.0,-43.2275,13.8155,-9.3187,dovish_surprise,-43.2275
2003-01-09,-0.9,0.85,False,Delphic,hold,0.038235294117647055,-0.2598039215686274,-0.12549019607843137,0.17,-0.0839,-6.01,0.5306,hold,-0.1202,0.3297,0.8477,0.0,6.01,0.1652,0.5023,hawkish_surprise,6.01
2003-02-06,-0.85,0.8,False,Delphic,hold,-0.03333333333333333,-0.26875,-0.10416666666666667,-0.045,-0.1181,-3.3725,0.3956,hold,-0.0674,0.2458,0.8651,0.0,3.3725,0.1449,0.2758,no_surprise,3.3725
2003-03-06,-0.23,0.67,False,Delphic,ambiguous,0.007999999999999998,-0.23399999999999999,-0.06,0.34,-0.0782,-7.4475,0.6782,hold,-0.1489,0.4214,0.7356,-25.0,-17.5525,1.4666,-1.4237,dovish_surprise,-17.5525
2003-04-03,-0.6,0.8,False,Delphic,ambiguous,0.037500000000000006,-0.23958333333333334,-0.06875,-0.0033,-0.0669,-13.8375,1.0251,cut_standard,-0.2767,0.6369,0.446,0.0,13.8375,0.8074,1.0892,hawkish_surprise,13.8375
2003-05-08,-0.025,0.8,False,Delphic,ambiguous,-0.00714285714285715,-0.3653061224489796,-0.08979591836734695,0.55,-0.1311,-4.965,0.6858,hold,-0.0993,0.4261,0.7758,0.0,4.965,0.2539,0.3592,no_surprise,4.965
2003-06-05,0.2,0.2,False,Delphic,hold,0.002272727272727265,-0.21818181818181817,-0.08863636363636364,-0.088,-0.082,-1.65,0.5639,hold,-0.033,0.3504,0.8511,-50.0,-48.35,4.646,-3.4539,dovish_surprise,-48.35
2003-07-10,-0.9,0.4,False,Delphic,cut,-0.07631578947368423,-0.32456140350877194,-0.07543859649122807,-0.045,-0.1506,-23.9775,0.91,cut_standard,-0.4795,0.5654,0.2041,0.0,23.9775,1.5891,1.2987,hawkish_surprise,23.9775
2003-07-31,-0.68,0.43,False,Delphic,cut,-0.13359375,-0.31718749999999996,-0.11875,0.1367,-0.1857,-18.2475,0.9568,cut_standard,-0.3649,0.5945,0.3817,0.0,18.2475,0.9631,0.8917,hawkish_surprise,18.2475
2003-09-04,-0.6,0.48,False,Delphic,ambiguous,-0.044,-0.23399999999999999,-0.10000000000000002,0.0,-0.1122,-15.8775,0.9249,cut_standard,-0.3175,0.5747,0.4499,0.0,15.8775,0.7987,0.7396,hawkish_surprise,15.8775
2003-10-02,0.38,0.47,False,Delphic,hold,-0.05454545454545454,-0.17454545454545453,-0.10545454545454547,0.335,-0.1007,1.64,0.6395,hold,0.0328,0.3973,0.7946,0.0,-1.64,0.2299,-0.074,no_surprise,-1.64
2003-11-06,-0.1,0.57,False,Delphic,hold,0.022448979591836726,-0.17755102040816328,-0.08775510204081634,0.0767,-0.0596,-0.8375,0.2989,hold,-0.0168,0.1857,0.9285,0.0,0.8375,0.0742,0.0378,no_surprise,0.8375
2003-12-04,0.15,0.35,False,Delphic,hold,-0.023636363636363632,-0.16181818181818183,-0.05454545454545454,0.1271,-0.0713,2.085,0.3627,hold,0.0417,0.2254,0.8973,0.0,-2.085,0.1084,-0.0941,no_surprise,-2.085
2004-01-08,0.25,0.4,False,Delphic,ambiguous,0.11199999999999999,0.09600000000000002,-0.05,0.0,0.0748,0.895,0.6041,hold,0.0179,0.3753,0.8148,0.0,-0.895,0.2048,-0.0487,no_surprise,-0.895
2004-02-05,-0.02,0.4,False,Delphic,hold,0.1,0.03899999999999999,-0.065,0.1867,0.0487,0.3475,0.4765,hold,0.0069,0.2961,0.8697,0.0,-0.3475,0.1396,-0.019,no_surprise,-0.3475
2004-03-04,0.05,0.35,True,Delphic,hold,-0.004347826086956519,-0.04565217391304348,-0.08804347826086954,0.13,-0.0335,0.04,0.3944,hold,0.0008,0.2451,0.9,0.0,-0.04,0.1054,-0.0022,no_surprise,-0.04
2004-04-01,0.15,0.4,False,Delphic,hold,-0.005208333333333336,0.075,-0.09375,0.11,0.0011,2.7775,0.6173,hold,0.0555,0.3836,0.7951,0.0,-2.7775,0.2293,-0.1588,no_surprise,-2.7775
2004-05-06,0.125,0.4375,False,Delphic,ambiguous,0.008536585365853661,0.15609756097560976,-0.06341463414634146,0.0814,0.0384,0.835,0.5264,hold,0.0167,0.3271,0.8486,0.0,-0.835,0.1642,-0.0487,no_surprise,-0.835
2004-06-03,0.05,0.42,True,Delphic,ambiguous,0.012195121951219514,0.01707317073170731,-0.07073170731707318,0.102,-0.0029,0.3725,0.5324,hold,0.0075,0.3308,0.8697,0.0,-0.3725,0.1396,-0.0218,no_surprise,-0.3725
2004-07-01,0.33,0.65,False,Delphic,ambiguous,0.10217391304347824,0.09782608695652174,-0.08695652173913043,0.2333,0.063,6.86,0.7785,hold,0.1372,0.4837,0.6437,0.0,-6.86,0.4405,-0.7633,dovish_surprise,-6.86
2004-08-05,0.7,0.4,False,Delphic,hike,0.13999999999999999,0.2811111111111111,-0.01555555555555556,0.27,0.1512,9.0075,0.7899,hold,0.1802,0.4908,0.5788,0.0,-9.0075,0.5468,-1.2542,dovish_surprise,-9.0075
2004-09-02,0.175,0.575,False,Delphic,ambiguous,0.11595744680851064,0.11489361702127658,-0.03404255319148936,0.0,0.0856,2.7325,1.0241,hold,0.0546,0.6363,0.6701,0.0,-2.7325,0.4003,-0.4781,no_surprise,-2.7325
2004-10-07,0.63,0.43,False,Delphic,hike,0.13297872340425532,0.15319148936170215,-0.025531914893617023,0.1283,0.1073,6.6875,0.8136,hold,0.1338,0.5055,0.635,0.0,-6.6875,0.4541,-2.3994,dovish_surprise,-6.6875
2004-11-04,0.3125,0.525,False,Delphic,hold,0.20760869565217388,0.15978260869565217,-0.07391304347826086,0.1788,0.137,4.9525,0.7913,hold,0.099,0.4917,0.7163,0.0,-4.9525,0.3337,-1.6311,no_surprise,-4.9525
2004-12-02,0.8,0.6,False,Delphic,hike,0.24807692307692308,0.14519230769230768,-0.04903846153846154,0.1339,0.1578,9.1275,0.7897,hold,0.1825,0.4907,0.5753,0.0,-9.1275,0.5529,-3.1467,dovish_surprise,-9.1275
2005-01-13,0.4,0.6,False,Delphic,ambiguous,0.23469387755102042,-0.009183673469387754,-0.04081632653061224,0.0,0.1064,5.27,0.6158,hold,0.1054,0.3826,0.7562,0.0,-5.27,0.2794,-1.5909,dovish_surprise,-5.27
2005-02-03,0.65,0.37,False,Delphic,hike,0.2020408163265306,-0.02857142857142857,-0.05714285714285714,0.075,0.081,6.885,0.6989,hold,0.1377,0.4343,0.7449,0.0,-6.885,0.2945,-2.1375,dovish_surprise,-6.885
2005-03-03,0.27,0.47,False,Delphic,ambiguous,0.11122448979591838,0.08163265306122448,-0.03469387755102041,-0.06,0.0732,6.8725,0.869,hold,0.1374,0.5399,0.6726,0.0,-6.8725,0.3966,-2.2217,dovish_surprise,-6.8725
2005-04-07,0.35,0.55,False,Delphic,hike,0.11555555555555554,0.013333333333333336,-0.05999999999999999,0.222,0.0498,13.3125,0.8871,hold,0.2662,0.5512,0.5376,0.0,-13.3125,0.6206,-4.7337,dovish_surprise,-13.3125
2005-05-04,0.6,0.47,False,Delphic,hike,0.15000000000000002,0.06489361702127659,-0.06382978723404255,0.228,0.0817,5.635,0.7111,hold,0.1127,0.4418,0.7063,0.0,-5.635,0.3477,-1.6175,dovish_surprise,-5.635
2005-06-02,0.75,0.5,False,Delphic,hold,0.18909090909090906,-0.01090909090909091,-0.04363636363636364,-0.0325,0.0825,3.1675,0.3801,hold,0.0634,0.2362,0.8733,0.0,-3.1675,0.1355,-1.0168,no_surprise,-3.1675
2005-07-07,0.625,0.35,False,Delphic,hold,0.09137931034482759,-0.036206896551724134,-0.05172413793103448,0.2811,0.0245,2.095,0.5361,hold,0.0419,0.3331,0.8465,0.0,-2.095,0.1666,-0.7672,no_surprise,-2.095
2005-08-04,0.34,0.55,False,Delphic,ambiguous,0.06489361702127659,-0.0925531914893617,-0.05957446808510638,0.15,-0.0072,4.875,0.7829,hold,0.0975,0.4864,0.714,0.0,-4.875,0.3369,-1.6186,no_surprise,-4.875
2005-09-01,0.325,0.525,False,Delphic,ambiguous,0.09361702127659575,-0.16063829787234044,-0.06808510638297872,0.0,-0.015,4.0175,0.7247,hold,0.0804,0.4503,0.7272,0.0,-4.0175,0.3186,-1.3764,no_surprise,-4.0175
2005-10-06,0.58,0.67,False,Delphic,ambiguous,0.18076923076923074,0.003846153846153841,-0.03461538461538462,-0.174,0.0846,10.4425,0.9431,hold,0.2089,0.586,0.5581,0.0,-10.4425,0.5832,-3.7029,dovish_surprise,-10.4425
2005-11-03,0.625,0.475,True,Delphic,hike,0.237,0.032,-0.044000000000000004,-0.1533,0.1193,14.585,0.9417,hike_standard,0.2917,0.5851,0.4411,0.0,-14.585,0.8185,-4.7537,dovish_surprise,-14.585
2005-12-01,0.82,0.3,True,Delphic,hike,0.20185185185185187,0.012962962962962957,-0.02962962962962963,0.045,0.0989,23.4225,0.9093,hike_standard,0.4684,0.565,0.2162,25.0,1.5775,0.4612,0.4187,no_surprise,1.5775
2006-01-12,0.7,0.47,False,Delphic,ambiguous,0.3245454545454546,0.23636363636363636,0.030909090909090914,0.8,0.2394,12.325,0.9151,hold,0.2465,0.5686,0.5444,0.0,-12.325,0.6081,-2.7914,dovish_surprise,-12.325
2006-02-02,0.68,0.37,False,Delphic,hike,0.2950980392156863,0.23039215686274508,0.04117647058823529,-0.01,0.2249,13.8725,0.9175,hold,0.2775,0.5701,0.4752,0.0,-13.8725,0.744,-2.9517,dovish_surprise,-13.8725
2006-03-02,0.7625,0.3375,False,Delphic,hike,0.22254901960784315,0.196078431372549,0.03725490196078431,0.27,0.1775,23.4575,0.7371,hike_standard,0.4692,0.458,0.1381,25.0,1.5425,0.2704,0.3036,no_surprise,1.5425
2006-04-06,0.57,0.6,False,Delphic,hike,0.2901960784313725,0.26176470588235295,0.041176470588235294,0.204,0.2319,13.295,0.8587,hold,0.2659,0.5335,0.5211,0.0,-13.295,0.6518,-2.348,dovish_surprise,-13.295
2006-05-04,0.33,0.3,False,Delphic,hold,0.3078431372549019,0.246078431372549,0.015686274509803918,0.0,0.2309,0.9,0.155,hold,0.018,0.0963,0.964,0.0,-0.9,0.0367,-0.159,no_surprise,-0.9
2006-06-08,0.87,0.3,False,Odyssean,hike,0.24553571428571427,0.2526785714285714,0.049999999999999996,0.145,0.2086,26.9125,0.7525,hike_standard,0.5383,0.4676,0.0947,25.0,-1.9125,0.3094,-0.3249,no_surprise,-1.9125
2006-07-06,0.75,0.3,True,Delphic,hike,0.2375,0.275,0.06749999999999999,0.1471,0.2147,29.56,0.6504,hike_standard,0.5912,0.4041,0.0313,0.0,-29.56,3.4641,-4.9656,dovish_surprise,-29.56
2006-08-03,0.85,0.28,False,Delphic,hike,0.36363636363636365,0.36727272727272725,0.06999999999999999,0.0267,0.306,23.2875,0.5575,hike_standard,0.4658,0.3464,0.1189,25.0,1.7125,0.1852,0.1991,no_surprise,1.7125
2006-08-31,0.6375,0.4875,False,Delphic,hike,0.27799999999999997,0.298,0.084,0.0,0.2452,13.08,0.8209,hike_standard,0.2616,0.5101,0.4841,0.0,-13.08,0.7255,-1.4505,dovish_surprise,-13.08
2006-10-05,0.6,0.5625,True,Delphic,hike,0.2811320754716981,0.3,0.09622641509433963,0.1833,0.2498,17.6575,0.8985,hike_standard,0.3531,0.5583,0.3345,25.0,7.3425,0.5237,0.813,hawkish_surprise,7.3425
2006-11-02,0.9,0.2,False,Odyssean,hike,0.368,0.305,0.10300000000000001,0.22,0.2961,26.1875,0.8002,hike_standard,0.5238,0.4972,0.1216,0.0,-26.1875,2.107,-2.609,dovish_surprise,-26.1875
2006-12-07,0.9,0.2,False,Odyssean,hike,0.19999999999999998,0.21568627450980393,0.058823529411764705,0.1942,0.1765,24.6,0.5922,hike_standard,0.492,0.368,0.0972,25.0,0.4,0.1967,0.0358,no_surprise,0.4
2007-01-11,0.8,0.4,False,Delphic,hike,0.23518518518518516,0.3444444444444444,0.08148148148148147,0.0133,0.2372,18.7375,0.8987,hike_standard,0.3748,0.5584,0.3382,0.0,-18.7375,1.0841,-1.6872,dovish_surprise,-18.7375
2007-02-08,0.85,0.3,False,Delphic,hike,0.18962264150943398,0.3358490566037736,0.10943396226415095,0.471,0.2175,20.76,0.4553,hike_standard,0.4152,0.2829,0.1696,0.0,-20.76,1.7743,-1.8157,dovish_surprise,-20.76
2007-03-08,0.9,0.2,False,Odyssean,hike,0.196,0.33299999999999996,0.095,0.116,0.2169,25.405,0.5096,hike_standard,0.5081,0.3166,0.0636,25.0,-0.405,0.1548,-0.0342,no_surprise,-0.405
2007-04-12,0.48,0.52,False,Delphic,hike,0.24814814814814812,0.3666666666666667,0.11388888888888887,0.1386,0.2569,14.09,0.9479,hold,0.2818,0.589,0.4801,0.0,-14.09,0.7338,-1.2046,dovish_surprise,-14.09
2007-05-10,0.85,0.2,False,Delphic,hike,0.19074074074074077,0.2916666666666667,0.09814814814814815,0.2114,0.2025,5.425,0.5231,hold,0.1085,0.325,0.783,0.0,-5.425,0.2446,-0.4629,dovish_surprise,-5.425
2007-06-06,0.85,0.225,False,Delphic,hike,0.14913793103448272,0.27241379310344827,0.11896551724137931,0.0688,0.1801,24.3025,0.6444,hike_standard,0.486,0.4004,0.1127,25.0,0.6975,0.2239,0.0606,no_surprise,0.6975
2007-07-05,0.75,0.3,True,Delphic,hike,0.19736842105263158,0.31140350877192985,0.12017543859649124,0.3978,0.2161,17.465,0.8625,hike_standard,0.3493,0.5359,0.3477,0.0,-17.465,1.0564,-1.4957,dovish_surprise,-17.465
2007-08-02,0.8,0.2,False,Odyssean,hike,0.2767241379310345,0.4629310344827586,0.1620689655172414,0.2557,0.3097,27.44,0.6537,hike_standard,0.5488,0.4062,0.0604,0.0,-27.44,2.8068,-2.6432,dovish_surprise,-27.44
2007-09-06,0.275,0.7,False,Delphic,ambiguous,0.3,0.3462962962962963,0.0898148148148148,0.0,0.2719,12.55,0.9501,hike_standard,0.251,0.5903,0.4567,0.0,-12.55,0.7837,-1.1388,dovish_surprise,-12.55
2007-10-04,0.35,0.8,False,Delphic,hike,0.14596774193548387,0.2411290322580645,0.12983870967741937,0.104,0.1713,11.64,1.0118,hold,0.2328,0.6287,0.5402,0.0,-11.64,0.6158,-1.0568,dovish_surprise,-11.64
2007-11-08,0.4,0.7,False,Delphic,hike,0.2208955223880597,0.12761194029850745,0.12537313432835823,-0.0614,0.1738,13.6225,0.8954,hold,0.2725,0.5563,0.5284,0.0,-13.6225,0.6379,-1.435,dovish_surprise,-13.6225
2007-12-06,0.75,0.7,False,Delphic,hike,0.19491525423728814,0.1093220338983051,0.12796610169491526,0.0213,0.1558,21.4975,0.9841,hike_standard,0.4299,0.6115,0.2984,0.0,-21.4975,1.2093,-2.4966,dovish_surprise,-21.4975
2008-01-10,0.75,0.6,False,Delphic,hike,0.3119047619047619,0.1253968253968254,0.1634920634920635,0.51,0.2263,21.23,1.0958,hike_standard,0.4246,0.6809,0.2876,0.0,-21.23,1.2462,-2.6049,dovish_surprise,-21.23
2008-02-07,0.75,0.5,False,Delphic,hike,0.3169642857142857,0.0956140350877193,0.13839285714285715,-0.068,0.2148,15.5875,1.0315,hike_standard,0.3118,0.6409,0.4079,0.0,-15.5875,0.8967,-1.876,dovish_surprise,-15.5875
2008-03-06,0.21,0.75,False,Delphic,ambiguous,0.2973684210526316,0.0035087719298245567,0.1903508771929825,0.0157,0.1878,2.6425,0.8304,hold,0.0529,0.516,0.7314,0.0,-2.6425,0.3128,-0.3276,no_surprise,-2.6425
2008-04-10,0.75,0.6,False,Delphic,hike,0.2850877192982456,-0.14035087719298245,0.14912280701754385,0.182,0.1303,14.9425,0.928,hold,0.2989,0.5766,0.4906,0.0,-14.9425,0.7121,-1.9191,dovish_surprise,-14.9425
2008-05-08,0.7,0.7,False,Delphic,ambiguous,0.3075,-0.13166666666666668,0.13,-0.0808,0.1402,6.78,0.758,hold,0.1356,0.471,0.657,0.0,-6.78,0.4201,-0.8698,dovish_surprise,-6.78
2008-06-05,0.75,0.75,False,Delphic,hike,0.25,-0.0809090909090909,0.10454545454545454,0.0286,0.1216,17.08,0.9137,hike_standard,0.3416,0.5677,0.3996,0.0,-17.08,0.9173,-2.2227,dovish_surprise,-17.08
2008-07-03,0.81,0.36,True,Delphic,hike,0.38934426229508196,-0.11803278688524589,0.15491803278688523,-0.1173,0.1902,19.375,0.789,hike_standard,0.3875,0.4902,0.2643,25.0,5.625,0.384,0.8843,hawkish_surprise,5.625
2008-08-07,0.9,0.6,False,Delphic,ambiguous,0.45982142857142855,-0.15178571428571427,0.16785714285714284,-0.27,0.2179,12.72,1.0269,hold,0.2544,0.638,0.5169,0.0,-12.72,0.6599,-1.494,dovish_surprise,-12.72
2008-09-04,0.48,0.63,False,Delphic,ambiguous,0.4007462686567164,-0.15074626865671645,0.10820895522388059,0.0,0.1768,7.04,0.9846,hold,0.1408,0.6118,0.6255,0.0,-7.04,0.4692,-0.9553,dovish_surprise,-7.04
2008-10-02,0.52,0.7,False,Delphic,ambiguous,0.3347457627118644,-0.36186440677966103,0.03898305084745762,-0.168,0.0666,7.2,0.8043,hold,0.144,0.4997,0.7056,0.0,-7.2,0.3487,-0.9606,dovish_surprise,-7.2
2008-10-08,0.5,0.9,False,Delphic,ambiguous,0.3459677419354839,-0.37258064516129036,0.037096774193548385,-0.1264,0.0686,-4.53,0.8265,hold,-0.0906,0.5135,0.7289,-50.0,-45.47,3.3326,,dovish_surprise,-45.47
2008-11-06,0.35,0.9,False,Delphic,ambiguous,0.3413793103448276,-0.4353448275862069,-0.005172413793103449,-0.382,0.0391,-6.8175,0.8259,hold,-0.1363,0.5132,0.6153,-50.0,-43.1825,13.8155,-3.5514,dovish_surprise,-43.1825
2008-12-04,-0.8,0.9,False,Delphic,cut,0.10377358490566035,-0.34622641509433966,-0.003773584905660373,-0.4608,-0.0527,-35.88,0.9188,cut_large,-0.7176,0.5709,0.0869,-75.0,-39.12,0.6501,-2.6912,dovish_surprise,-39.12
2009-01-15,-0.9,0.9,False,Delphic,ambiguous,-0.36578947368421055,-0.6026315789473684,-0.15614035087719297,-0.47,-0.3949,-33.98,0.9138,cut_standard,-0.6796,0.5678,0.0791,-50.0,-16.02,0.8249,-1.0086,dovish_surprise,-16.02
2009-02-05,-0.8,0.9,False,Delphic,ambiguous,-0.33070175438596494,-0.5517543859649123,-0.18421052631578946,-0.4257,-0.3677,-20.5725,1.0358,cut_standard,-0.4115,0.6436,0.3595,0.0,20.5725,1.023,1.2955,hawkish_surprise,20.5725
2009-03-05,-0.37,0.73,True,Delphic,ambiguous,-0.3088235294117647,-0.5394230769230769,-0.16470588235294117,-0.3856,-0.3492,-31.4575,0.9772,cut_standard,-0.6291,0.6072,0.1254,-50.0,-18.5425,0.9579,-0.9915,dovish_surprise,-18.5425
2009-04-02,-0.8,0.7,False,Delphic,ambiguous,-0.42499999999999993,-0.5419642857142857,-0.31875000000000003,-0.65,-0.4388,-23.0425,0.9917,cut_standard,-0.4608,0.6162,0.2633,-25.0,-1.9575,0.5948,-0.1046,no_surprise,-1.9575
2009-05-07,-0.4,0.5,False,Delphic,ambiguous,-0.5449152542372881,-0.6330508474576271,-0.2661016949152542,-0.605,-0.5156,-17.5275,0.9195,cut_standard,-0.3505,0.5713,0.3869,0.0,17.5275,0.9496,0.9246,hawkish_surprise,-7.4725
2009-06-04,-0.9,0.5,False,Delphic,hold,-0.30000000000000004,-0.5612903225806452,-0.1870967741935484,-0.36,-0.3558,-1.97,0.2758,hold,-0.0394,0.1714,0.9212,0.0,1.97,0.0821,0.0939,no_surprise,1.97
2009-07-02,0.05,0.5125,False,Delphic,hold,-0.4169491525423729,-0.5720338983050848,-0.2661016949152542,-0.405,-0.4333,-2.165,0.5011,hold,-0.0433,0.3114,0.8496,0.0,2.165,0.163,0.1044,no_surprise,2.165
2009-08-06,-0.25,0.4,False,Delphic,hold,-0.4661290322580645,-0.6370967741935484,-0.31209677419354837,-0.1433,-0.4866,-4.245,0.4738,hold,-0.0849,0.2944,0.8641,0.0,4.245,0.1461,0.2009,no_surprise,4.245
2009-09-03,-0.2875,0.7375,False,Delphic,ambiguous,-0.3178571428571429,-0.5035714285714286,-0.24464285714285713,-0.54,-0.3589,-1.75,0.3735,hold,-0.035,0.2321,0.9099,0.0,1.75,0.0944,0.0812,no_surprise,1.75
2009-10-08,-0.75,0.7,False,Delphic,hold,-0.3276923076923077,-0.536923076923077,-0.28769230769230775,0.01,-0.3825,-8.2425,0.6989,hold,-0.1648,0.4343,0.7685,0.0,8.2425,0.2633,0.378,hawkish_surprise,8.2425
2009-11-05,-0.3,0.7,False,Delphic,hike,-0.35803571428571423,-0.4830357142857143,-0.29464285714285715,-0.3525,-0.3829,0.0,-0.0,hold,0.0,-0.0,1.0,0.0,0.0,-0.0,0.0,no_surprise,0.0
2009-12-03,0.15,0.65,False,Delphic,hold,-0.2032258064516129,-0.3008064516129032,-0.17338709677419356,-0.0636,-0.2265,-0.1275,0.2589,hold,-0.0026,0.1609,0.9498,0.0,0.1275,0.0515,0.0082,no_surprise,0.1275
2010-01-14,-0.1875,0.675,False,Odyssean,hold,-0.2966666666666667,-0.2908333333333334,-0.23083333333333333,-0.145,-0.2818,-0.8775,0.1919,hold,-0.0175,0.1192,0.9567,0.0,0.8775,0.0443,0.0813,no_surprise,0.8775
2010-02-04,-0.3,0.5,False,Delphic,hold,-0.2836065573770492,-0.28442622950819674,-0.24098360655737705,-0.295,-0.2753,-3.165,0.6204,hold,-0.0633,0.3855,0.8296,0.0,3.165,0.1868,0.3364,no_surprise,3.165
2010-03-04,-0.1,0.4,False,Delphic,hold,-0.23620689655172414,-0.1818965517241379,-0.1836206896551724,-0.0375,-0.2094,-0.41,0.2363,hold,-0.0082,0.1468,0.9484,0.0,0.41,0.053,0.0525,no_surprise,0.41
2010-04-08,-0.2,0.7,False,Delphic,hold,-0.22545454545454544,-0.2109090909090909,-0.21000000000000002,0.1294,-0.218,-0.325,0.3959,hold,-0.0065,0.246,0.8992,0.0,0.325,0.1062,0.0654,no_surprise,0.325
2010-05-06,0.0,0.45,False,Delphic,hold,-0.18870967741935485,-0.23709677419354838,-0.24516129032258063,-0.0378,-0.2145,-0.1825,0.2593,hold,-0.0037,0.1611,0.9497,0.0,0.1825,0.0516,0.038,no_surprise,0.1825
2010-06-10,-0.05,0.65,False,Delphic,hold,-0.06461538461538462,-0.09153846153846153,-0.16923076923076924,-0.0433,-0.0936,0.1675,0.2309,hold,0.0034,0.1435,0.9505,0.0,-0.1675,0.0508,-0.0732,no_surprise,-0.1675
2010-07-08,0.0625,0.7375,False,Delphic,hold,-0.056923076923076917,-0.15461538461538463,-0.17076923076923078,-0.0567,-0.109,-0.37,0.2771,hold,-0.0074,0.1722,0.937,0.0,0.37,0.0651,0.1566,no_surprise,0.37
2010-08-05,-0.2,0.7,False,Delphic,ambiguous,-0.09910714285714285,-0.17589285714285713,-0.2205357142857143,0.278,-0.1464,-0.2225,0.395,hold,-0.0044,0.2454,0.8996,0.0,0.2225,0.1058,0.0931,no_surprise,0.2225
2010-09-02,0.1,0.45,False,Delphic,hold,-0.044262295081967225,-0.1786885245901639,-0.22950819672131148,0.0,-0.1216,-0.045,0.3944,hold,-0.0009,0.2451,0.9,0.0,0.045,0.1054,0.0198,no_surprise,0.045
2010-10-07,-0.4,0.6,False,Odyssean,hold,0.04393939393939394,-0.022727272727272728,-0.09090909090909091,0.052,-0.003,-0.33,0.3958,hold,-0.0066,0.2459,0.8992,0.0,0.33,0.1062,0.1436,no_surprise,0.33
2010-11-04,-0.175,0.625,True,Delphic,ambiguous,-0.08813559322033898,-0.033050847457627125,-0.1440677966101695,-0.0518,-0.0828,-0.11,0.1962,hold,-0.0022,0.1219,0.9598,0.0,0.11,0.041,0.1303,no_surprise,0.11
2010-12-02,0.3,0.45,False,Delphic,ambiguous,-0.016346153846153847,-0.07211538461538461,-0.09038461538461538,0.064,-0.0479,1.5275,0.5226,hold,0.0306,0.3247,0.8465,0.0,-1.5275,0.1666,-1.8202,no_surprise,-1.5275
2011-01-13,-0.25,0.825,True,Odyssean,hold,0.10000000000000002,-7.656710514656252e-18,-0.10517241379310344,0.0,0.029,-0.7875,0.3191,hold,-0.0158,0.1983,0.9227,0.0,0.7875,0.0805,0.7812,no_surprise,0.7875
2011-02-03,0.3,0.7,False,Delphic,ambiguous,0.08983050847457628,0.013559322033898294,-0.0788135593220339,0.4025,0.0332,4.26,0.4565,hold,0.0852,0.2836,0.8296,0.0,-4.26,0.1868,-4.2409,no_surprise,-4.26
2011-03-03,0.5375,0.55,False,Delphic,hike,0.11694915254237288,-0.0025423728813559346,-0.10847457627118645,0.05,0.036,9.8675,0.8593,hold,0.1973,0.5339,0.5711,0.0,-9.8675,0.5602,-7.4757,dovish_surprise,-9.8675
2011-04-07,0.9,0.5,False,Odyssean,hike,0.1896551724137931,0.12844827586206897,-0.08103448275862067,0.036,0.1172,21.6075,0.7828,hike_standard,0.4322,0.4864,0.2166,25.0,3.3925,0.3531,1.1531,no_surprise,3.3925
2011-05-05,0.7,0.48,False,Delphic,ambiguous,0.18714285714285717,0.1307142857142857,-0.07142857142857142,0.0525,0.1185,10.3325,0.9078,hold,0.2067,0.564,0.5613,0.0,-10.3325,0.5775,-3.249,dovish_surprise,-10.3325
2011-06-09,0.65,0.47,False,Delphic,hike,0.2791666666666667,0.10916666666666666,0.0,-0.042,0.1723,16.43,1.0234,hike_standard,0.3286,0.6359,0.434,0.0,-16.43,0.8347,-4.0177,dovish_surprise,-16.43
2011-07-07,0.63,0.52,False,Delphic,hike,0.2557377049180328,0.12049180327868853,0.03442622950819672,0.1658,0.1709,20.04,0.8104,hike_standard,0.4008,0.5035,0.2511,25.0,4.96,0.3842,0.8679,no_surprise,4.96
2011-08-04,0.66,0.68,False,Delphic,hike,0.3315384615384615,0.1423076923076923,0.036923076923076927,-0.0133,0.2158,11.1275,0.8922,hold,0.2225,0.5544,0.5842,0.0,-11.1275,0.5375,-1.8313,dovish_surprise,-11.1275
2011-09-08,0.15,0.75,False,Delphic,hike,0.16666666666666666,-0.12058823529411765,-0.011764705882352943,-0.15,0.0448,7.395,0.9012,hold,0.1479,0.5599,0.6786,0.0,-7.395,0.3877,-1.152,dovish_surprise,-7.395
2011-10-06,0.0,0.775,False,Delphic,ambiguous,0.14615384615384616,-0.12307692307692308,0.03461538461538461,-0.2888,0.0431,-5.835,0.8877,hold,-0.1167,0.5516,0.684,0.0,5.835,0.3798,0.913,hawkish_surprise,5.835
2011-11-03,-0.014,0.8,False,Delphic,ambiguous,0.16666666666666666,-0.36333333333333334,-0.09,-0.2167,-0.0437,-6.365,0.7357,hold,-0.1273,0.4571,0.7406,-25.0,-18.635,1.5712,-2.7071,dovish_surprise,-18.635
2011-12-08,-0.9,0.8,False,Delphic,ambiguous,0.08043478260869566,-0.2855072463768116,-0.03985507246376811,-0.175,-0.0534,-14.515,0.918,hold,-0.2903,0.5704,0.5027,-25.0,-10.485,0.8824,-1.3322,dovish_surprise,-10.485
2012-01-12,-0.85,0.8,False,Delphic,ambiguous,0.07735849056603775,-0.4358490566037736,-0.14339622641509434,-0.4767,-0.1208,-13.885,0.9218,hold,-0.2777,0.5727,0.537,0.0,13.885,0.6218,1.7589,hawkish_surprise,13.885
2012-02-09,-0.525,0.6875,False,Delphic,ambiguous,0.05,-0.3,-0.10508474576271187,0.0,-0.086,-6.125,0.5991,hold,-0.1225,0.3722,0.7735,0.0,6.125,0.2568,0.6438,hawkish_surprise,6.125
2012-03-08,-0.24,0.6,True,Delphic,hold,0.03303571428571428,-0.30357142857142855,-0.10535714285714286,-0.135,-0.0956,-3.8,0.4464,hold,-0.076,0.2774,0.8613,0.0,3.8,0.1493,0.3798,no_surprise,3.8
2012-04-04,0.35,0.5,True,Delphic,ambiguous,-0.024166666666666666,-0.4408333333333333,-0.08583333333333334,-0.1475,-0.1615,0.1375,0.6392,hold,0.0028,0.3972,0.7999,0.0,-0.1375,0.2233,-0.0137,no_surprise,-0.1375
2012-05-03,-0.1875,0.525,True,Delphic,hold,0.038281249999999996,-0.328125,-0.13906249999999998,-0.1056,-0.1071,0.685,0.5118,hold,0.0137,0.318,0.867,0.0,-0.685,0.1427,-0.069,no_surprise,-0.685
2012-06-06,-0.25,0.6125,False,Delphic,hold,0.05546875,-0.31171875,-0.16562499999999997,-0.0762,-0.0989,-1.6225,0.5246,hold,-0.0324,0.326,0.8558,0.0,1.6225,0.1557,0.167,no_surprise,1.6225
2012-07-05,0.25,0.75,False,Delphic,cut,0.0014492753623188452,-0.3565217391304348,-0.20144927536231888,-0.445,-0.1465,-5.7275,0.7513,hold,-0.1145,0.4668,0.6835,-25.0,-19.2725,1.299,-2.1895,dovish_surprise,-19.2725
2012-08-02,-0.48,0.6,False,Delphic,hold,0.014035087719298242,-0.40175438596491225,-0.19385964912280704,-0.204,-0.1523,-7.46,0.6849,hold,-0.1492,0.4256,0.7483,0.0,7.46,0.29,0.7529,hawkish_surprise,7.46
2012-09-06,-0.625,0.675,True,Delphic,cut,-0.10092592592592593,-0.3851851851851852,-0.19629629629629625,0.0,-0.2053,-1.7575,0.2544,hold,-0.0352,0.1581,0.9297,0.0,1.7575,0.0729,0.1762,no_surprise,1.7575
2012-10-04,-0.27,0.8,True,Delphic,hold,-0.12459016393442622,-0.532258064516129,-0.23114754098360657,-0.2767,-0.2682,-6.6325,1.1887,hold,-0.1327,0.7386,0.5855,0.0,6.6325,0.5353,0.6737,hawkish_surprise,6.6325
2012-11-08,0.3,0.6,False,Delphic,hold,-0.02358490566037736,-0.38773584905660374,-0.2009433962264151,-0.2575,-0.1683,-1.27,0.2009,hold,-0.0254,0.1248,0.9492,0.0,1.27,0.0521,0.1284,no_surprise,1.27
2012-12-06,-0.25,0.6,False,Delphic,ambiguous,-0.10384615384615384,-0.4384615384615384,-0.2076923076923077,-0.3586,-0.225,-15.8325,0.8951,cut_standard,-0.3166,0.5562,0.436,0.0,15.8325,0.8301,1.9134,hawkish_surprise,15.8325
2013-01-10,-0.25,0.7,False,Delphic,ambiguous,-0.11376811594202899,-0.394927536231884,-0.1289855072463768,-0.2567,-0.2012,-8.915,1.0668,hold,-0.1783,0.6628,0.5629,0.0,8.915,0.5747,1.0579,hawkish_surprise,8.915
2013-02-07,0.27,0.53,False,Delphic,hold,-0.12432432432432432,-0.34527027027027035,-0.15405405405405406,-0.185,-0.1966,-1.07,0.3879,hold,-0.0214,0.241,0.899,0.0,1.07,0.1065,0.1337,no_surprise,1.07
2013-03-07,-0.4,0.45,False,Delphic,hold,-0.12549019607843137,-0.3656862745098039,-0.1784313725490196,-0.15,-0.2081,-6.54,0.7564,hold,-0.1308,0.47,0.6634,0.0,6.54,0.4104,0.8228,hawkish_surprise,6.54
2013-04-04,-0.7,0.6,False,Delphic,hold,-0.0722972972972973,-0.2891891891891892,-0.11013513513513516,-0.1186,-0.1449,-11.5525,0.8619,hold,-0.2311,0.5355,0.6191,0.0,11.5525,0.4795,1.4395,hawkish_surprise,11.5525
2013-05-02,-0.55,0.65,True,Delphic,cut,-0.16799999999999998,-0.36866666666666664,-0.14933333333333332,-0.2775,-0.2245,-12.285,0.8874,hold,-0.2457,0.5514,0.5989,0.0,12.285,0.5127,1.4732,hawkish_surprise,-12.715
2013-06-06,-0.8,0.5,False,Odyssean,hold|cut,-0.14929577464788735,-0.2859154929577465,-0.11478873239436618,-0.3875,-0.1834,-13.21,1.0334,hold,-0.2642,0.6421,0.5061,0.0,13.21,0.681,1.5438,hawkish_surprise,13.21
2013-07-04,-0.45,0.65,False,Delphic,hold,-0.2291044776119403,-0.4477611940298507,-0.29328358208955224,-0.3878,-0.3075,-3.41,0.4697,hold,-0.0682,0.2918,0.8681,0.0,3.41,0.1414,0.387,no_surprise,3.41
2013-08-01,-0.85,0.5,False,Odyssean,cut,-0.3008196721311475,-0.4631147540983606,-0.21147540983606558,-0.38,-0.3316,-19.3625,1.0556,hold,-0.3873,0.6559,0.4308,0.0,19.3625,0.8421,4.0455,hawkish_surprise,19.3625
2013-09-05,-0.8125,0.375,True,Odyssean,cut,-0.19516129032258067,-0.4209677419354839,-0.1620967741935484,0.13,-0.2563,-9.13,0.8088,hold,-0.1826,0.5025,0.6719,0.0,9.13,0.3976,1.5736,hawkish_surprise,9.13
2013-10-02,-0.8,0.4,False,Delphic,hold,-0.19047619047619047,-0.38333333333333336,-0.18253968253968253,-0.1,-0.2467,-13.6825,0.9162,hold,-0.2737,0.5693,0.5426,0.0,13.6825,0.6114,2.5172,hawkish_surprise,13.6825
2013-11-07,-0.5875,0.5625,True,Odyssean,hold|cut,-0.30234375,-0.2609375,-0.17109375,-0.17,-0.2637,-13.095,0.8715,hold,-0.2619,0.5415,0.5378,0.0,13.095,0.6203,2.3734,hawkish_surprise,-11.905
2013-12-05,-0.9,0.6,False,Delphic,cut,-0.17118644067796612,-0.2,-0.16016949152542373,-0.2112,-0.1776,-12.845,0.6928,cut_standard,-0.2569,0.4305,0.4862,0.0,12.845,0.7211,2.5934,hawkish_surprise,12.845
2014-01-09,-0.8,0.6,False,Odyssean,cut,-0.36484374999999997,-0.3207692307692308,-0.2476923076923077,-0.69,-0.3282,-21.6575,1.0452,cut_standard,-0.4331,0.6494,0.3348,0.0,21.6575,1.0942,4.5512,hawkish_surprise,21.6575
2014-02-06,-0.55,0.475,True,Delphic,hold|cut,-0.30942028985507236,-0.286231884057971,-0.213768115942029,-0.102,-0.2833,-11.765,0.9166,hold,-0.2353,0.5695,0.595,0.0,11.765,0.5192,2.0849,hawkish_surprise,11.765
2014-03-06,-0.6,0.6,False,Odyssean,hold|cut,-0.24920634920634918,-0.19285714285714284,-0.1841269841269841,-0.2425,-0.2193,-11.815,0.8197,hold,-0.2363,0.5093,0.5685,0.0,11.815,0.5648,2.5183,hawkish_surprise,11.815
2014-04-03,-0.4,0.5875,True,Odyssean,hold|cut,-0.27439024390243905,-0.28231707317073174,-0.1597560975609756,0.0233,-0.2538,-8.2325,0.7739,hold,-0.1646,0.4809,0.6891,0.0,8.2325,0.3724,1.8884,hawkish_surprise,8.2325
2014-05-08,-0.67,0.67,True,Odyssean,hold|cut,-0.34661016949152545,-0.17966101694915257,-0.2016949152542373,-0.3229,-0.2675,-14.46,0.96,hold,-0.2892,0.5965,0.5602,0.0,14.46,0.5795,3.19,hawkish_surprise,14.46
2014-06-05,-0.82,0.62,False,Delphic,cut,-0.2878205128205128,-0.20769230769230773,-0.17371794871794874,-0.063,-0.241,-24.67,1.0423,cut_standard,-0.4934,0.6476,0.2586,-10.0,14.67,1.3525,3.2154,hawkish_surprise,14.67
2014-07-03,-0.85,0.5625,False,Odyssean,ambiguous,-0.23055555555555557,-0.20416666666666666,-0.13541666666666666,-0.46,-0.2036,-9.62,0.7794,hold,-0.1924,0.4843,0.666,0.0,9.62,0.4065,2.0944,hawkish_surprise,9.62
2014-08-07,-0.85,0.55,False,Delphic,hold,-0.3376923076923077,-0.17846153846153842,-0.10692307692307691,-0.2433,-0.2438,-2.5675,0.3276,hold,-0.0513,0.2035,0.9194,0.0,2.5675,0.084,0.6795,no_surprise,2.5675
2014-09-04,-0.8,0.6,False,Delphic,hold,-0.23255813953488372,-0.2238372093023256,-0.11395348837209301,-0.87,-0.2062,-1.935,0.2724,hold,-0.0387,0.1693,0.9226,-10.0,-8.065,0.0806,-1.8489,dovish_surprise,-8.065
2014-10-02,-0.9,0.7,True,Delphic,hold,-0.24933333333333332,-0.11333333333333333,-0.08600000000000001,-0.3833,-0.1759,-1.86,0.2649,hold,-0.0372,0.1646,0.9256,0.0,1.86,0.0773,0.2638,no_surprise,1.86
2014-11-06,-0.9,0.5,False,Delphic,cut,-0.31437499999999996,-0.279375,-0.085625,-0.557,-0.2581,-11.575,0.863,hold,-0.2315,0.5362,0.661,0.0,11.575,0.414,1.5724,hawkish_surprise,11.575
2014-12-04,-0.85,0.75,False,Odyssean,cut,-0.30367647058823527,-0.2647058823529412,-0.11544117647058823,-0.4706,-0.2543,-13.84,0.9357,hold,-0.2768,0.5814,0.5573,0.0,13.84,0.5847,1.8927,hawkish_surprise,13.84
2015-03-05,-0.9,0.35,True,Odyssean,hold,-0.4925,-0.25,-0.1025,-0.61,-0.3417,-1.03,0.1717,hold,-0.0206,0.1067,0.9588,0.0,1.03,0.0421,,no_surprise,1.03
2015-04-15,-0.9,0.4,False,None,ambiguous,-0.5454545454545454,0.006060606060606053,0.06363636363636364,0.0143,-0.2582,-1.8675,0.2656,hold,-0.0374,0.165,0.9253,0.0,1.8675,0.0776,,no_surprise,1.8675
2015-06-03,-0.85,0.4,False,None,ambiguous,-0.42500000000000004,0.031249999999999993,0.17500000000000002,-0.3714,-0.1681,-9.885,0.6711,hold,-0.1977,0.417,0.6046,0.0,9.885,0.5032,,hawkish_surprise,9.885
2015-07-16,-0.25,0.4,False,None,hold,-0.40972222222222227,-0.11250000000000002,-0.008333333333333335,0.0133,-0.2403,-1.5225,0.2294,hold,-0.0304,0.1425,0.9391,0.0,1.5225,0.0628,,no_surprise,1.5225
2015-09-03,-0.65,0.5,False,None,ambiguous,-0.3973684210526316,-0.04473684210526315,0.026315789473684206,0.0,-0.2068,-7.52,0.6634,hold,-0.1504,0.4122,0.7862,0.0,7.52,0.2405,,hawkish_surprise,7.52
2015-10-22,-0.75,0.7,False,None,ambiguous,-0.4233333333333334,-0.13499999999999995,0.05333333333333334,-0.118,-0.2415,-23.87,1.0968,hold,-0.4774,0.6815,0.3619,0.0,23.87,1.0164,,hawkish_surprise,23.87
2015-12-03,-0.8,0.7,False,None,ambiguous,-0.4074074074074074,-0.022222222222222216,-0.014814814814814812,-0.2887,-0.2133,-33.635,0.8676,cut_standard,-0.6727,0.5391,0.0592,-10.0,23.635,2.8268,2.9586,hawkish_surprise,33.635
2016-01-21,-0.8,0.6,False,None,ambiguous,-0.41250000000000003,-0.09107142857142858,-0.06785714285714285,0.0,-0.2471,-32.0025,0.9844,cut_standard,-0.6401,0.6116,0.1274,0.0,32.0025,2.0604,3.4485,hawkish_surprise,32.0025
2016-03-10,-0.85,0.75,False,None,ambiguous,-0.49250000000000005,-0.145,0.09999999999999999,-0.23,-0.2697,-33.3625,0.924,cut_standard,-0.6672,0.5741,0.0861,-10.0,23.3625,2.4522,2.0588,hawkish_surprise,28.3625
2016-04-21,-1.0,0.8,False,Odyssean,cut,-0.4725806451612904,-0.2451612903225806,-0.07258064516129033,-0.466,-0.3244,-11.0175,0.6861,hold,-0.2203,0.4263,0.5593,0.0,11.0175,0.5811,0.9825,hawkish_surprise,11.0175
2016-06-02,-0.1,0.3,False,Delphic,cut,-0.488,-0.26,-0.003999999999999999,-0.165,-0.3228,-11.0575,0.8435,hold,-0.2211,0.5241,0.6331,0.0,11.0575,0.4571,1.036,hawkish_surprise,11.0575
2016-07-21,-0.8,0.4,False,None,cut,-0.4625,-0.140625,0.018749999999999996,-0.1825,-0.2697,-17.7475,0.6022,cut_standard,-0.3549,0.3742,0.2901,0.0,17.7475,1.2375,1.7397,hawkish_surprise,17.7475
2016-09-08,-0.85,0.75,False,Odyssean,hold,-0.3857142857142857,-0.20714285714285716,-0.19142857142857142,0.0,-0.2933,-9.74,0.6686,hold,-0.1948,0.4154,0.6104,0.0,9.74,0.4936,0.9895,hawkish_surprise,9.74
2016-10-20,-0.4,0.7,False,None,ambiguous,-0.3230769230769231,6.4051328343759035e-18,0.09230769230769233,-0.0914,-0.1431,-8.02,0.7103,hold,-0.1604,0.4413,0.7519,0.0,8.02,0.2852,0.8736,hawkish_surprise,8.02
2016-12-08,-0.2,0.5,False,None,ambiguous,-0.33076923076923076,0.04230769230769233,0.01730769230769231,0.0683,-0.1492,-1.775,0.5273,hold,-0.0355,0.3276,0.8428,0.0,1.775,0.171,0.206,no_surprise,1.775
2017-01-19,-0.25,0.7,False,None,ambiguous,-0.19999999999999998,-0.07096774193548386,-0.07096774193548386,0.0,-0.1355,-7.735,0.91,hold,-0.1547,0.5654,0.6719,0.0,7.735,0.3976,0.8334,hawkish_surprise,7.735
2017-03-09,-0.65,0.4,False,None,hold,-0.21842105263157893,0.2236842105263158,0.11842105263157894,0.1362,-0.0184,-1.6125,0.2392,hold,-0.0323,0.1486,0.9355,0.0,1.6125,0.0667,0.1851,no_surprise,1.6125
2017-04-27,-0.1,0.5,False,None,ambiguous,-0.07586206896551723,0.13448275862068967,0.03793103448275863,0.0485,0.01,-0.2275,0.4449,hold,-0.0046,0.2764,0.8998,0.0,0.2275,0.1056,0.0246,no_surprise,0.2275
2017-06-08,-0.3,0.6,True,Delphic,hold,-0.10185185185185185,0.16666666666666666,0.02777777777777777,0.0369,0.0046,1.11,0.1817,hold,0.0222,0.1129,0.9556,0.0,-1.11,0.0454,-0.1166,no_surprise,-1.11
2017-07-20,-0.3,0.6,False,None,ambiguous,-0.2020833333333333,0.3541666666666667,0.11666666666666665,0.21,0.0285,-0.2725,0.3952,hold,-0.0054,0.2456,0.8995,0.0,0.2725,0.1059,0.0286,no_surprise,0.2725
2017-09-07,0.25,0.5,False,Delphic,hold,-0.13333333333333333,0.3261904761904762,0.016666666666666666,0.0933,0.0345,5.5675,0.7501,hold,0.1114,0.4661,0.6873,0.0,-5.5675,0.375,-0.7662,dovish_surprise,-5.5675
2017-10-26,-0.4,0.6,False,None,ambiguous,-0.15,0.3272727272727272,0.11818181818181818,0.0242,0.0468,-5.0,0.7507,hold,-0.1,0.4664,0.7803,0.0,5.0,0.2481,0.7825,no_surprise,5.0
2017-12-14,-0.25,0.4,True,Odyssean,hold,-0.23571428571428574,0.44285714285714295,0.33571428571428574,0.146,0.0821,-0.15,0.3948,hold,-0.003,0.2453,0.8998,0.0,0.15,0.1056,0.0244,no_surprise,0.15
2018-01-25,-0.1,0.4,False,None,ambiguous,-0.008928571428571428,0.44821428571428573,0.21249999999999997,0.0,0.1725,-0.005,0.3944,hold,-0.0001,0.2451,0.9,0.0,0.005,0.1054,0.0008,no_surprise,0.005
2018-03-08,-0.2,0.6,False,Delphic,ambiguous,-0.13,0.5700000000000001,0.5133333333333333,0.1311,0.2087,-0.015,0.639,hold,-0.0003,0.397,0.8,0.0,0.015,0.2231,0.0035,no_surprise,0.015
2018-04-26,-0.03,0.57,False,Delphic,hold,-0.04333333333333333,0.20666666666666664,0.06666666666666667,-0.024,0.0537,-0.275,0.2613,hold,-0.0055,0.1624,0.9418,0.0,0.275,0.06,0.0753,no_surprise,0.275
2018-06-14,-0.23,0.87,False,Odyssean,hold,-0.125,0.195,0.09,0.1675,0.014,0.1625,0.2309,hold,0.0033,0.1435,0.9505,0.0,-0.1625,0.0508,-0.0527,no_surprise,-0.1625
2018-07-26,0.4,0.6,False,None,ambiguous,-0.05666666666666668,0.24000000000000002,0.1766666666666667,0.35,0.079,7.835,0.9374,hold,0.1567,0.5824,0.6662,0.0,-7.835,0.4062,-2.5425,dovish_surprise,-7.835
2018-09-13,-0.3,0.6,False,Odyssean,hold,0.11451612903225807,0.3225806451612903,0.27419354838709675,0.86,0.2089,0.0,-0.0,hold,0.0,-0.0,1.0,0.0,0.0,-0.0,0.0,no_surprise,0.0
2018-10-25,0.08,0.47,True,Odyssean,hold,0.14193548387096774,0.08064516129032258,0.049999999999999996,0.3038,0.1052,-0.155,0.2306,hold,-0.0031,0.1433,0.9506,0.0,0.155,0.0507,0.0506,no_surprise,0.155
2018-12-13,0.25,0.5,False,Delphic,hold,0.10344827586206896,0.28620689655172415,0.2655172413793104,0.0583,0.1907,0.065,0.1127,hold,0.0013,0.07,0.9798,0.0,-0.065,0.0204,-0.0212,no_surprise,-0.065
2019-01-24,-0.75,0.6,False,Delphic,hold,0.03421052631578947,-0.1868421052631579,0.2947368421052632,0.28,0.02,-1.08,0.146,hold,-0.0216,0.0907,0.9723,0.0,1.08,0.0281,0.3526,no_surprise,1.08
2019-03-07,-0.2,0.65,False,Odyssean,hold,-0.4108695652173914,-0.3434782608695652,0.10869565217391304,0.0514,-0.2867,-0.295,0.0641,hold,-0.0059,0.0398,0.9882,0.0,0.295,0.0119,0.0954,no_surprise,0.295
2019-04-10,-0.7,0.8,False,None,ambiguous,-0.2592592592592593,-0.3592592592592592,0.1962962962962963,-0.084,-0.1981,-0.87,0.4039,hold,-0.0174,0.251,0.8947,0.0,0.87,0.1113,0.3218,no_surprise,0.87
2019-06-06,-0.85,0.7,False,Odyssean,hold,-0.11249999999999998,-0.37678571428571433,0.07321428571428572,-0.1206,-0.1546,-4.02,0.464,hold,-0.0804,0.2883,0.8585,0.0,4.02,0.1526,1.7789,no_surprise,4.02
2019-07-25,-0.8,0.6,False,None,ambiguous,-0.3910714285714286,-0.2982142857142857,0.20357142857142854,-0.285,-0.2443,-16.4025,0.9321,cut_standard,-0.3281,0.5791,0.4338,0.0,16.4025,0.8352,6.3711,hawkish_surprise,16.4025
2019-09-12,-0.8,0.7,False,None,ambiguous,-0.22567567567567567,-0.27162162162162157,0.04054054054054054,0.15,-0.1862,-24.7875,0.7997,cut_standard,-0.4958,0.4969,0.1482,-10.0,14.7875,1.9092,2.8205,hawkish_surprise,24.7875
2019-10-24,-0.825,0.7,True,Odyssean,cut,-0.3016666666666667,-0.42166666666666675,0.20666666666666667,-0.2286,-0.236,-26.32,0.7673,cut_standard,-0.5264,0.4768,0.1092,0.0,26.32,2.2146,4.1051,hawkish_surprise,26.32
2019-12-12,-0.2,0.7,False,Delphic,ambiguous,-0.20588235294117646,-0.23529411764705882,0.09411764705882351,-0.1927,-0.1547,-7.6575,0.6917,hold,-0.1532,0.4298,0.7616,0.0,7.6575,0.2723,0.8389,hawkish_surprise,7.6575
2020-01-23,-0.6,0.6,False,None,ambiguous,-0.3342857142857143,-0.26285714285714284,0.18285714285714286,0.0,-0.2094,-6.3175,0.5653,hold,-0.1263,0.3512,0.7473,0.0,6.3175,0.2913,0.6988,hawkish_surprise,6.3175
2020-03-12,-0.7,0.4,False,None,ambiguous,-0.1732142857142857,-0.22142857142857145,0.07142857142857142,-0.1983,-0.1387,-1.72,0.2505,hold,-0.0344,0.1556,0.9312,0.0,1.72,0.0713,0.2117,no_surprise,1.72
2020-04-30,-0.85,0.9,False,None,ambiguous,-0.20789473684210524,-0.35394736842105257,-0.026315789473684206,-0.855,-0.2154,-1.9775,0.2766,hold,-0.0396,0.1719,0.9209,0.0,1.9775,0.0824,0.2464,no_surprise,1.9775
2020-06-04,-0.9,0.95,False,Delphic,ambiguous,-0.5708333333333333,-0.6354166666666666,-0.33749999999999997,-0.608,-0.5435,-10.8225,0.8073,hold,-0.2165,0.5016,0.7072,0.0,10.8225,0.3464,1.367,hawkish_surprise,10.8225
2020-07-16,-0.9,0.8,False,None,ambiguous,-0.5367647058823529,-0.6028571428571428,-0.46911764705882353,-0.7075,-0.5431,-12.4125,0.892,hold,-0.2482,0.5542,0.6406,0.0,12.4125,0.4454,1.6118,hawkish_surprise,12.4125
2020-09-10,-0.8,0.75,False,Delphic,hold,-0.2630952380952381,-0.5154761904761904,-0.2642857142857143,-0.345,-0.339,0.0,-0.0,hold,0.0,-0.0,1.0,0.0,0.0,-0.0,0.0,no_surprise,0.0
2020-10-29,-0.7,0.5,False,None,ambiguous,-0.45135135135135135,-0.6864864864864866,-0.5594594594594594,-0.44,-0.5435,-7.355,0.6059,hold,-0.1471,0.3765,0.7058,0.0,7.355,0.3484,0.9738,hawkish_surprise,7.355
2020-12-10,-0.9,0.8,False,Odyssean,cut,-0.5673076923076923,-0.6499999999999999,-0.4230769230769231,-0.3317,-0.5633,-35.5525,0.8409,cut_standard,-0.7111,0.5225,0.0432,0.0,35.5525,3.1419,4.935,hawkish_surprise,35.5525
2021-01-21,0.0,1.0,False,None,ambiguous,-0.3097560975609756,-0.47317073170731705,-0.3902439024390244,0.0,-0.3749,0.0,-0.0,hold,0.0,-0.0,1.0,0.0,0.0,-0.0,0.0,no_surprise,0.0
2021-03-11,-0.7,0.7,False,Odyssean,hold,-0.35806451612903223,-0.39354838709677403,-0.3548387096774194,-0.4133,-0.3681,-3.6325,0.4145,hold,-0.0726,0.2575,0.8547,0.0,3.6325,0.157,0.3482,no_surprise,3.6325
2021-04-22,0.2,0.5,False,None,ambiguous,-0.09848484848484848,-0.18181818181818182,-0.1727272727272727,-0.4033,-0.1383,0.0,-0.0,hold,0.0,-0.0,1.0,0.0,0.0,-0.0,0.0,no_surprise,0.0
2021-06-10,-0.15,0.5,False,None,hold,0.109375,-0.125,-0.09375,-0.1833,-0.0016,-0.13,0.2337,hold,-0.0026,0.1452,0.9497,0.0,0.13,0.0516,0.0138,no_surprise,0.13
2021-07-22,-0.7,0.5,False,Odyssean,hold,-0.07352941176470588,0.18970588235294117,-0.12058823529411763,0.184,-0.004,-0.565,0.0857,hold,-0.0113,0.0532,0.9855,0.0,0.565,0.0146,0.0586,no_surprise,0.565
2021-09-09,-0.8,0.2,False,None,ambiguous,-0.003750000000000009,0.1025,-0.016249999999999997,0.0,0.0256,-3.9375,0.6517,hold,-0.0788,0.4049,0.8218,0.0,3.9375,0.1963,0.402,no_surprise,3.9375
2021-10-28,0.25,0.5,False,Delphic,hold,0.1088235294117647,0.20735294117647057,0.03970588235294118,-0.0289,0.1246,1.4975,0.5221,hold,0.03,0.3244,0.8469,0.0,-1.4975,0.1662,-0.1539,no_surprise,-1.4975
2021-12-16,0.45,0.55,False,None,ambiguous,0.3842857142857143,0.17,0.10999999999999999,-0.0614,0.2651,0.5,0.3976,hold,0.01,0.247,0.8982,0.0,-0.5,0.1074,-0.0505,no_surprise,-0.5
2022-02-03,0.7,0.8,False,Odyssean,ambiguous,0.3942857142857143,0.027142857142857135,0.14285714285714285,-0.07,0.2339,7.6025,0.6143,hold,0.152,0.3817,0.6959,0.0,-7.6025,0.3625,-0.7642,dovish_surprise,-7.6025
2022-03-10,-0.025,0.65,True,Delphic,hold,0.4382352941176471,0.09852941176470587,0.1426470588235294,0.0556,0.2772,0.6675,0.4844,hold,0.0133,0.301,0.8736,0.0,-0.6675,0.1351,-0.0651,no_surprise,-0.6675
2022-04-14,0.0,0.6,True,Delphic,hold,0.43,-0.25,0.19428571428571428,-0.3794,0.1789,1.2,0.5174,hold,0.024,0.3215,0.8506,0.0,-1.2,0.1618,-0.1167,no_surprise,-1.2
2022-06-09,0.6,0.8,False,None,ambiguous,0.7191176470588235,-0.28823529411764703,0.1485294117647059,0.0667,0.3028,15.87,1.0232,hike_standard,0.3174,0.6357,0.3787,0.0,-15.87,0.971,-1.5439,dovish_surprise,-15.87
2022-07-21,0.85,0.7,False,Delphic,hike,0.6000000000000001,-0.2023255813953488,0.08604651162790698,-0.46,0.2565,32.485,0.7615,hike_standard,0.6497,0.4731,0.0314,50.0,17.515,1.1062,3.4308,hawkish_surprise,17.515
2022-09-08,0.8,0.7,False,None,ambiguous,0.5661764705882353,-0.23235294117647057,0.18823529411764706,-0.72,0.251,33.6275,0.9952,hike_large,0.6725,0.6184,0.1417,75.0,41.3725,0.7199,5.623,hawkish_surprise,41.3725
2022-10-27,0.85,0.4,False,None,ambiguous,0.6678571428571427,-0.4321428571428571,0.2464285714285714,-0.4533,0.2536,33.6975,0.7908,hike_standard,0.6739,0.4914,0.0322,75.0,41.3025,0.9671,3.0236,hawkish_surprise,41.3025
2022-12-15,0.85,0.7,False,None,ambiguous,0.6666666666666666,-0.5216666666666666,0.11333333333333334,-0.495,0.1995,31.14,0.9966,hike_standard,0.6228,0.6192,0.1401,50.0,18.86,0.953,1.0959,hawkish_surprise,18.86
2023-02-02,0.6,0.6,False,None,ambiguous,0.6618421052631579,-0.3960526315789473,0.23947368421052626,-0.55,0.26,18.795,0.9259,hike_standard,0.3759,0.5753,0.2518,50.0,31.205,2.6722,1.7921,hawkish_surprise,31.205
2023-03-16,0.85,0.7,False,None,ambiguous,0.6347826086956522,-0.3086956521739131,0.2565217391304348,0.05,0.2761,35.21,0.996,hike_large,0.7042,0.6188,0.0892,50.0,14.79,0.6216,0.8058,hawkish_surprise,14.79
2023-05-04,0.6,0.75,False,Delphic,ambiguous,0.6685714285714285,-0.3314285714285714,0.20000000000000004,-0.1775,0.2749,17.15,1.2075,hike_standard,0.343,0.7503,0.3366,25.0,7.85,0.7868,0.4296,hawkish_surprise,7.85
2023-06-15,0.75,0.4,False,None,ambiguous,0.4681818181818182,-0.30303030303030304,0.17272727272727273,-0.28,0.1777,27.9925,0.9441,hike_standard,0.5598,0.5866,0.1455,25.0,-2.9925,0.5288,-0.1672,no_surprise,-2.9925
2023-07-27,0.75,0.5,False,None,ambiguous,0.5453125,-0.2984375,0.35625,-0.02,0.2544,24.26,0.5937,hike_standard,0.4852,0.3689,0.1048,25.0,0.74,0.1985,0.041,no_surprise,0.74
2023-09-14,0.3,0.75,False,None,ambiguous,0.3483333333333334,-0.4683333333333332,0.1816666666666667,-0.39,0.07,14.6775,0.6779,hike_standard,0.2935,0.4212,0.4129,25.0,10.3225,0.5326,0.5919,hawkish_surprise,10.3225
2023-10-26,0.35,0.8,True,Delphic,ambiguous,0.27,-0.4125,0.10500000000000001,-0.24,0.0323,9.8575,1.0116,hold,0.1971,0.6285,0.5727,0.0,-9.8575,0.5574,-0.5801,dovish_surprise,-9.8575
2023-12-14,0.55,0.5,False,None,hold,0.06935483870967743,-0.5209677419354838,0.05483870967741935,-0.15,-0.1106,0.225,0.177,hold,0.0045,0.11,0.9694,0.0,-0.225,0.0311,-0.0127,no_surprise,-0.225
2024-01-25,0.3,0.6,False,Delphic,hold,0.07419354838709677,-0.3983870967741935,0.11290322580645161,-0.09,-0.0598,0.2675,0.3953,hold,0.0054,0.2456,0.8995,0.0,-0.2675,0.1059,-0.0166,no_surprise,-0.2675
2024-03-07,-0.25,0.7,False,None,ambiguous,-0.025000000000000005,-0.45357142857142857,0.02678571428571429,0.0394,-0.1432,-1.365,0.2118,hold,-0.0273,0.1316,0.9454,0.0,1.365,0.0561,0.0825,no_surprise,1.365
2024-04-11,0.25,0.6,False,Delphic,hold,0.11805555555555555,-0.29444444444444445,0.1111111111111111,0.193,-0.0071,-4.51,0.472,hold,-0.0902,0.2933,0.8196,0.0,4.51,0.1989,0.3147,no_surprise,4.51
2024-06-06,-0.1,0.7,False,Delphic,cut,0.13448275862068967,-0.22068965517241382,0.07931034482758623,-0.415,0.0169,-24.5625,0.0881,cut_standard,-0.4913,0.0547,0.0175,-25.0,-0.4375,0.0177,,no_surprise,-0.4375
2024-07-18,0.5,0.7,False,None,ambiguous,0.21470588235294116,-0.24411764705882355,0.1735294117647059,0.07,0.0688,-4.185,0.4517,hold,-0.0837,0.2807,0.8326,0.0,4.185,0.1832,0.4152,no_surprise,4.185
2024-09-12,-0.25,0.75,False,Delphic,ambiguous,0.13285714285714284,-0.21571428571428572,0.12714285714285714,0.04,0.0271,-9.06,0.6548,hold,-0.1812,0.4069,0.6376,-25.0,-15.94,1.015,-2.5782,dovish_surprise,-15.94
2024-10-17,-0.3,0.7,False,Delphic,hold,0.17115384615384616,-0.3903846153846154,0.16538461538461538,0.1567,0.0015,-9.5025,0.9794,hold,-0.19,0.6085,0.5849,-25.0,-15.4975,1.1596,-2.2508,dovish_surprise,-25.4975
2024-12-12,0.35,0.75,False,None,ambiguous,0.026923076923076914,-0.27692307692307694,0.04615384615384616,-0.0969,-0.0604,-6.885,0.8258,hold,-0.1377,0.5131,0.6138,-25.0,-18.115,1.1062,-2.3733,dovish_surprise,-43.115
2025-01-30,0.15,0.75,False,Delphic,ambiguous,0.15499999999999997,-0.33666666666666656,0.145,0.405,0.0055,-11.645,0.8202,hold,-0.2329,0.5096,0.5772,-25.0,-13.355,0.9681,-1.5101,dovish_surprise,-13.355
2025-03-06,-0.4,0.7,False,None,ambiguous,0.10967741935483871,-0.267741935483871,0.09838709677419354,0.29,-0.0058,-8.0125,0.6272,hold,-0.1602,0.3897,0.6795,-25.0,-16.9875,1.1379,-1.8538,dovish_surprise,-16.9875
2025-04-17,-0.8,0.7,False,None,ambiguous,0.12777777777777774,-0.4472222222222222,-0.036111111111111115,0.0643,-0.0775,-23.07,0.2719,cut_standard,-0.4614,0.1689,0.0772,-25.0,-1.93,0.0803,-0.2248,no_surprise,-1.93
2025-06-05,-0.7,0.8,False,None,ambiguous,0.04772727272727273,-0.1568181818181818,0.004545454545454534,-0.156,-0.0223,-27.685,0.9453,cut_standard,-0.5537,0.5873,0.1506,-25.0,2.685,0.5253,0.3113,no_surprise,2.685
2025-07-24,-0.8,0.5,False,None,ambiguous,-0.07499999999999998,-0.22678571428571428,0.024999999999999998,-0.2129,-0.1005,-14.685,0.6778,cut_standard,-0.2937,0.4211,0.4126,0.0,14.685,0.8853,1.6641,hawkish_surprise,14.685
2025-09-11,-0.125,0.775,True,Delphic,ambiguous,0.15517241379310343,-0.12413793103448277,0.037931034482758606,0.39,0.0479,-4.075,1.1139,hold,-0.0815,0.6921,0.6021,0.0,4.075,0.5073,0.3907,no_surprise,4.075
2025-10-30,0.2,0.2,False,Delphic,hold,0.15625,-0.11874999999999998,0.04374999999999999,0.0525,0.0513,-1.1525,0.1869,hold,-0.0231,0.1161,0.9539,0.0,1.1525,0.0472,0.1089,no_surprise,1.1525
2025-12-18,0.3,0.2,False,None,ambiguous,0.084,-0.18,0.055999999999999994,0.246,-0.0008,-1.11,0.1817,hold,-0.0222,0.1129,0.9556,0.0,1.11,0.0454,0.1068,no_surprise,1.11
